Episode,TotalReward,MovingAvgReward,EpisodeLength,Loss,MeanQ,Epsilon,ExplorationRate
1,-254.3099999999924,0.0,2846,0.06952673196792603,2.9328510761260986,0.9031927827879402,1.0
2,-247.2299999999903,-254.3099999999924,2983,0.028224661946296692,2.2717952728271484,0.8988033244388991,1.0
3,-259.6499999999921,-250.76999999999134,3005,0.02694656141102314,2.776353120803833,0.898100686719333,0.875
4,-273.3799999999921,-253.7299999999916,3053,0.666427731513977,3.415440082550049,0.8965698035189915,0.875
5,-274.44999999999465,-258.64249999999174,3095,0.8098286986351013,3.570538282394409,0.8952326897391438,0.875
6,-257.11999999999375,-261.8039999999923,3667,0.04101065918803215,3.6542158126831055,0.8772443372767174,0.875
7,-351.17999999998364,-261.02333333332587,3898,0.0646655336022377,2.9615867137908936,0.870095677270722,0.75
8,-344.9999999999845,-273.9028571428484,4065,0.08421115577220917,2.8725228309631348,0.8649685817109847,1.0
